iter	Passed	Remaining
0	153	306528
1	160	160509
2	169	112635
3	176	88038
4	184	73628
5	190	63468
6	197	56267
7	204	50998
8	214	47493
9	224	44705
10	236	42774
11	249	41277
12	261	39902
13	270	38341
14	278	36907
15	287	35671
16	297	34674
17	308	33937
18	319	33357
19	328	32504
20	348	32882
21	365	32870
22	380	32695
23	397	32727
24	431	34121
25	446	33906
26	470	34345
27	491	34586
28	505	34388
29	521	34230
30	550	34977
31	580	35684
32	583	34755
33	611	35333
34	630	35401
35	646	35280
36	665	35308
37	678	35054
38	696	35028
39	726	35593
40	749	35800
41	765	35665
42	785	35755
43	800	35589
44	812	35307
45	824	35032
46	839	34887
47	850	34595
48	866	34501
49	880	34322
50	890	34048
51	909	34085
52	920	33805
53	933	33635
54	946	33466
55	957	33255
56	968	33013
57	970	32489
58	977	32155559	989	3199460	1001	31840
61	1014	31720
62	1029	31649
63	1044	31596
64	1058	31523
65	1065	3120866	1095	31603
667	1115	31679668	1124	31469669	1141	31461770	1163	31615771	1192	31932
72	1211	31987773	1231	32054774	1260	32360
75	1279	32379
76	1292	32279777	1314	32399
78	1333	32429779	1349	32398880	1368	3242281	1413	33052
82	1439	33244
883	1465	33416
84	1492	33624
85	1521	33865
86	1552	34129
87	1569	34097
88	1603	34424
89	1628	34557
90	1655	34737
91	1693	35119
92	1715	35187
93	1730	35086
94	1758	35270
95	1796	35638
96	1810	35518
97	1820	35341
98	1839	35330
99	1854	35232
100	1861	35003
101	1872	34850
102	1887	34761
103	1901	34663
104	1912	34519
105	1923	34375
106	1935	34244
107	1944	34068
108	1958	33974
109	1970	33862
110	1980	33710
111	1991	33570
112	2002	33441
113	2015	33345
114	2028	33255
115	2032	33017
116	2046	32929
117	2062	32901
118	2073	32775
119	2085	32674
120	2096	32557
121	2107	32445
122	2118	32327
123	2129	32221
124	2142	32131
125	2155	32052
126	2167	31971
127	2180	31888
128	2193	31807
129	2195	31576
130	2205	31471
131	2221	31433
132	2237	31410
133	2253	31377
134	2266	31307
135	2277	31216
136	2290	31153
137	2303	31074
138	2316	31018
139	2327	30924
140	2339	30839
141	2349	30743
142	2358	30625
143	2367	30520
144	2379	30437
145	2389	30349
146	2399	302511147	2412	301931148	2424	301231149	2436	30055150	2449	29993
151	2463	29948
152	2474	29865
153	2483	29771
154	2492	29673
155	2503	29597
156	2513	29507
157	2525	29437
158	2535	29359
159	2540	29219
160	2553	29165
161	2562	29067
162	2570	28964
163	2580	28889
164	2589	28801
165	2602	28752
166	2611	28668
167	2621	28585
168	2635	28548
169	2646	28486
170	2659	28449
171	2669	28375
172	2680	28307
173	2690	28235
174	2699	28152
175	2710	28086
176	2720	28022
177	2733	27981
178	2742	27903
179	2750	27810
180	2760	27740
181	2768	27659
182	2789	27698
183	2801	27649
184	2810	27570
185	2818	27491
186	2829	27436
187	2840	27377
188	2849	27302
189	2869	27332
190	2877	27256
191	2888	27202
192	2897	27128
193	2906	27052
194	2914	26980
195	2924	26916
196	2934	26856
197	2944	26795
198	2953	26725
199	2958	26623
200	2973	26615
201	2980	26531
202	2988	26455
203	2996	26381
204	3004	26310
205	3007	26189
206	3009	26067
207	3014	25968
208	3022	25898
209	3030	25830
210	3037	25757
211	3043	25672
212	3051	25601
213	3057	25521
214	3068	25471
215	3075	25397
216	3084	25343
217	3090	25265
218	3097	25192
219	3108	25149
220	3116	25086
221	3124	25020
222	3132	24965
223	3147	24956
224	3155	24894
225	3174	24920
226	3186	24890
227	3199	24870
228	3208	24816
229	3217	24756
230	3227	24715
231	3238	24680
232	3246	24622
233	3254	24565
234	3267	24537
235	3275	24480
236	3284	24431
237	3294	24389
238	3303	24338
239	3321	24355
240	3332	24320
241	3347	24320
242	3357	24275
243	3368	24243
244	3383	24235
245	3390	24177
246	3409	24200
247	3418	24147
248	3432	24135
249	3444	24114
250	3453	24065
251	3461	24012
252	3465	23928
253	3475	23889
254	3485	23848
255	3495	23813
256	3506	23781
257	3516	23743
258	3527	23713
259	3536	23670
260	3549	23651
261	3553	23573
262	3561	23522
263	3568	23466
264	3578	23427
265	3590	23406
266	3594	23333
267	3598	23258
268	3609	23225
269	3615	23167
270	3625	23128
271	3635	23098
272	3643	23050
273	3654	23021
274	3662	22976
275	3672	22938
276	3681	22900
277	3693	22879
278	3706	22863
279	3717	22837
280	3729	22815
281	3739	22781
282	3750	22752
283	3759	22716
284	3768	22678
285	3780	22658
286	3782	22575
287	3791	22539
288	3802	22509
289	3812	22479
290	3822	22447
291	3831	22409
292	3841	22381
293	3852	22352
294	3865	22340
295	3874	22303
296	3884	22275
297	3893	22235
298	3896	22168
299	3898	22091
300	3908	22062
301	3912	21996
302	3918	21947
303	3920	21872
304	3930	21845
305	3944	21838
306	3955	21811
307	3966	21789
308	3975	21754
309	3989	21748
310	4001	21733
311	4009	21694
312	4013	21633
313	4016	21564
314	4024	21525
315	4036	21511
316	4049	21496
317	4055	21452
318	4064	21416
319	4072	21382
320	4074	21310
321	4080	21264
322	4089	21233
323	4098	21202
324	4106	21163
325	4112	21117
326	4120	21082
327	4126	21034
328	4136	21010
329	4141	20958
330	4150	20927
331	4158	20892
332	4166	20856
333	4174	20822
334	4184	20798
335	4191	20759
336	4199	20724
337	4206	20683
338	4215	20652
339	4219	20599
340	4226	20563
341	4235	20533
342	4245	20508
343	4248	20449
344	4253	20403
345	4261	20372
346	4272	20351
347	4281	20323
348	4292	20305
349	4303	20285
350	4312	20258
351	4319	20223
352	4324	20179
353	4333	20150
354	4342	20120
355	4352	20099
356	4356	20051
357	4365	20024
358	4376	20003
359	4385	19977
360	4394	19951
361	4404	19931
362	4411	19896
363	4421	19874
364	4429	19843
365	4438	19816
366	4448	19795
367	4456	19763
368	4464	19731
369	4470	19694
370	4476	19657
371	4487	19637
372	4495	19607
373	4505	19586
374	4514	19564
375	4524	19541
376	4533	19517
377	4542	19493
378	4549	19459
379	4556	19424
380	4564	19394
381	4572	19368
382	4581	19341
383	4590	19319
384	4599	19293
385	4608	19267
386	4615	19238
387	4624	19213
388	4627	19165
389	4634	19134
390	4698	19335
391	4708	19313
392	4714	19279
393	4725	19259
394	4737	19248
395	4744	19217
396	4752	19189
397	4761	19164
398	4770	19143
399	4780	19121
400	4787	19090
401	4791	19047
402	4799	19020
403	4808	18994
404	4819	18978
405	4823	18939
406	4832	18913
407	4841	18892
408	4849	18865
409	4860	18847
410	4866	18813
411	4875	18791
412	4883	18766
413	4892	18743
414	4899	18713
415	4907	18687
416	4915	18658
417	4923	18633
418	4930	18605
419	4939	18582
420	4948	18558
421	4957	18539
422	4965	18511
423	4972	18483
424	4981	18460
425	4988	18430
426	4996	18406
427	5003	18378
428	5011	18350
429	5019	18328
430	5027	18300
431	5035	18277
432	5043	18250
433	5051	18227
434	5057	18196
435	5066	18172
436	5074	18148
437	5081	18122
438	5092	18107
439	5102	18089
440	5110	18065
441	5118	18043
442	5125	18016
443	5134	17993
444	5143	17974
445	5151	17950
446	5161	17931
447	5168	17905
448	5176	17881
449	5185	17860
450	5192	17832
451	5201	17815
452	5209	17789
453	5219	17773
454	5229	17757
455	5239	17740
456	5246	17714
457	5256	17697
458	5263	17670
459	5270	17646
460	5278	17620
461	5288	17604
462	5298	17588
463	5305	17563
464	5315	17546
465	5323	17524
466	5333	17509
467	5342	17487
468	5350	17465
469	5358	17444
470	5366	17421
471	5374	17399
472	5382	17376
473	5389	17352
474	5399	17336
475	5408	17317
476	5415	17290
477	5424	17272
478	5433	17253
479	5441	17230
480	5449	17209
481	5456	17185
482	5464	17164
483	5472	17141
484	5479	17116
485	5486	17091
486	5492	17065
487	5502	17048
488	5511	17031
489	5518	17005
490	5526	16986
491	5535	16965
492	5540	16937
493	5548	16914
494	5556	16893
495	5564	16874
496	5571	16850
497	5579	16829
498	5588	16811
499	5598	16794
500	5607	16777
501	5615	16755
502	5622	16734
503	5630	16713
504	5638	16691
505	5646	16670
506	5653	16646
507	5661	16627
508	5670	16609
509	5677	16586
510	5688	16574
511	5697	16557
512	5703	16533
513	5713	16518
514	5722	16499
515	5728	16476
516	5735	16453
517	5744	16435
518	5748	16405
519	5755	16381
520	5762	16357
521	5769	16335
522	5776	16312
523	5785	16297
524	5794	16280
525	5801	16257
526	5810	16240
527	5822	16233
528	5833	16221
529	5841	16202
530	5845	16171
531	5854	16153
532	5863	16137
533	5871	16119
534	5878	16097
535	5882	16066
536	5893	16056
537	5901	16037
538	5908	16016
539	5915	15994
540	5922	15971
541	5931	15956
542	5938	15935
543	5947	15917
544	5956	15900
545	5964	15882
546	5972	15863
547	5980	15845
548	5988	15827
549	5995	15806
550	6002	15785
551	6010	15766
552	6019	15750
553	6026	15729
554	6034	15712
555	6045	15700
556	6053	15682
557	6061	15663
558	6067	15641
559	6075	15622
560	6081	15599
561	6089	15581
562	6099	15567
563	6107	15549
564	6114	15530
565	6123	15513
566	6129	15491
567	6136	15470
568	6143	15449
569	6152	15434
570	6157	15408
571	6168	15399
572	6178	15386
573	6185	15366
574	6193	15348
575	6201	15330
576	6208	15311
577	6217	15296
578	6225	15279
579	6233	15261
580	6241	15244
581	6249	15227
582	6259	15212
583	6266	15194
584	6276	15182
585	6282	15159
586	6292	15145
587	6300	15128
588	6307	15110
589	6318	15099
590	6322	15074
591	6331	15059
592	6338	15039
593	6346	15023
594	6356	15008
595	6364	14993
596	6372	14975
597	6382	14963
598	6390	14946
599	6399	14931
600	6406	14913
601	6413	14894
602	6421	14876
603	6428	14858
604	6439	14848
605	6451	14840
606	6459	14823
607	6467	14806
608	6474	14787
609	6481	14769
610	6488	14750
611	6493	14727
612	6500	14709
613	6509	14695
614	6516	14674
615	6521	14651
616	6529	14636
617	6538	14620
618	6546	14605
619	6554	14588
620	6563	14573
621	6571	14559
622	6578	14539
623	6584	14520
624	6593	14506
625	6603	14494
626	6612	14481
627	6620	14463
628	6630	14452
629	6638	14437
630	6645	14418
631	6654	14403
632	6664	14393
633	6673	14378
634	6680	14361
635	6687	14342
636	6697	14330
637	6706	14316
638	6715	14303
639	6724	14289
640	6731	14271
641	6740	14257
642	6748	14242
643	6757	14227
644	6765	14212
645	6772	14194
646	6775	14168
647	6784	14155
648	6791	14137
649	6801	14126
650	6810	14113
651	6820	14101
652	6828	14084
653	6834	14066
654	6842	14050
655	6846	14026
656	6852	14006
657	6862	13996
658	6870	13981
659	6872	13954
660	6882	13942
661	6891	13928
662	6899	13913
663	6908	13899
664	6917	13886
665	6921	13862
666	6931	13852
667	6939	13838
668	6950	13827
669	6957	13810
670	6965	13796
671	6976	13786
672	6983	13770
673	6991	13754
674	7000	13740
675	7010	13731
676	7019	13718
677	7029	13705
678	7033	13682
679	7038	13663
680	7047	13649
681	7056	13636
682	7065	13623
683	7071	13605
684	7080	13592
685	7090	13580
686	7100	13569
687	7109	13556
688	7118	13544
689	7126	13530
690	7136	13519
691	7146	13507
692	7155	13495
693	7163	13480
694	7172	13467
695	7181	13454
696	7189	13439
697	7197	13425
698	7204	13409
699	7211	13393
700	7218	13376
701	7225	13360
702	7236	13351
703	7244	13336
704	7252	13322
705	7263	13312
706	7265	13287
707	7275	13276
708	7284	13264
709	7293	13252
710	7303	13241
711	7314	13232
712	7324	13221
713	7332	13207
714	7342	13196
715	7350	13181
716	7357	13166
717	7365	13151
718	7373	13137
719	7383	13126
720	7393	13114
721	7402	13102
722	7410	13088
723	7419	13075
724	7426	13060
725	7433	13043
726	7439	13027
727	7445	13009
728	7454	12997
729	7462	12983
730	7470	12968
731	7477	12952
732	7484	12936
733	7491	12921
734	7500	12908
735	7508	12895
736	7518	12884
737	7526	12870
738	7534	12856
739	7541	12841
740	7550	12828
741	7559	12816
742	7568	12803
743	7575	12789
744	7585	12777
745	7592	12763
746	7602	12752
747	7611	12739
748	7622	12731
749	7629	12716
750	7635	12699
751	7643	12684
752	7652	12672
753	7661	12659
754	7669	12646
755	7678	12635
756	7684	12618
757	7691	12602
758	7697	12586
759	7704	12570
760	7711	12555
761	7721	12545
762	7728	12529
763	7737	12517
764	7744	12502
765	7753	12490
766	7761	12477
767	7770	12465
768	7778	12451
769	7786	12438
770	7793	12422
771	7801	12410
772	7810	12397
773	7819	12386
774	7828	12373
775	7836	12360
776	7843	12346
777	7849	12329
778	7857	12315
779	7863	12299
780	7871	12285
781	7880	12273
782	7887	12259
783	7897	12248
784	7905	12235
785	7913	12222
786	7922	12210
787	7931	12199
788	7942	12190
789	7950	12177
790	7957	12162
791	7963	12146
792	7975	12138
793	7984	12127
794	7992	12114
795	8001	12103
796	8011	12092
797	8019	12078
798	8026	12065
799	8035	12053
800	8044	12042
801	8053	12030
802	8060	12015
803	8070	12004
804	8078	11991
805	8085	11977
806	8095	11967
807	8103	11955
808	8112	11942
809	8120	11930
810	8128	11916
811	8135	11902
812	8143	11889
813	8152	11877
814	8158	11862
815	8165	11848
816	8173	11835
817	8183	11825
818	8193	11815
819	8202	11803
820	8211	11791
821	8219	11779
822	8228	11767
823	8237	11756
824	8245	11743
825	8252	11729
826	8259	11715
827	8268	11703
828	8276	11691
829	8287	11681
830	8294	11668
831	8303	11656
832	8312	11645
833	8319	11630
834	8326	11617
835	8334	11604
836	8342	11592
837	8351	11580
838	8361	11570
839	8369	11558
840	8377	11544
841	8387	11535
842	8394	11521
843	8401	11507
844	8409	11495
845	8419	11484
846	8427	11471
847	8437	11461
848	8447	11451
849	8455	11439
850	8463	11426
851	8471	11415
852	8480	11403
853	8489	11391
854	8497	11379
855	8503	11364
856	8512	11353
857	8521	11341
858	8528	11327
859	8535	11314
860	8542	11300
861	8550	11288
862	8557	11274
863	8566	11262
864	8574	11251
865	8581	11237
866	8587	11222
867	8595	11209
868	8601	11195
869	8609	11182
870	8615	11167
871	8623	11155
872	8629	11140
873	8637	11128
874	8646	11116
875	8653	11103
876	8660	11089
877	8668	11077
878	8674	11062
879	8681	11049
880	8689	11036
881	8698	11025
882	8705	11012
883	8713	11000
884	8723	10990
885	8730	10977
886	8738	10965
887	8746	10952
888	8752	10937
889	8759	10925
890	8767	10912
891	8774	10899
892	8783	10888
893	8792	10877
894	8801	10866
895	8809	10854
896	8816	10841
897	8823	10828
898	8830	10814
899	8839	10803
900	8848	10792
901	8854	10779
902	8861	10765
903	8868	10751
904	8874	10737
905	8881	10724
906	8888	10711
907	8896	10698
908	8902	10685
909	8910	10672
910	8917	10660
911	8925	10647
912	8934	10637
913	8941	10624
914	8949	10612
915	8958	10601
916	8966	10590
917	8973	10576
918	8981	10564
919	8989	10553
920	8997	10540
921	9005	10528
922	9012	10515
923	9019	10503
924	9028	10492
925	9036	10480
926	9044	10469
927	9053	10458
928	9061	10447
929	9067	10431
930	9075	10420
931	9085	10411
932	9096	10403
933	9105	10392
934	9112	10379
935	9121	10368
936	9128	10356
937	9136	10344
938	9143	10331
939	9153	10321
940	9161	10310
941	9169	10298
942	9176	10285
943	9183	10273
944	9190	10260
945	9198	10248
946	9207	10237
947	9214	10225
948	9221	10212
949	9229	10201
950	9237	10189
951	9245	10177
952	9253	10165
953	9262	10155
954	9269	10143
955	9277	10131
956	9286	10121
957	9293	10108
958	9301	10096
959	9308	10084
960	9318	10074
961	9325	10062
962	9333	10050
963	9342	10040
964	9351	10030
965	9359	10018
966	9366	10006
967	9374	9994
968	9383	9983
969	9393	9974
970	9403	9965
971	9412	9954
972	9420	9943
973	9428	9931
974	9435	9919
975	9445	9909
976	9453	9898
977	9461	9887
978	9469	9875
979	9474	9861
980	9481	9848
981	9488	9836
982	9496	9825
983	9504	9813
984	9512	9802
985	9520	9791
986	9529	9780
987	9536	9767
988	9544	9757
989	9553	9746
990	9561	9735
991	9570	9724
992	9578	9713
993	9584	9700
994	9591	9688
995	9603	9680
996	9612	9670
997	9620	9658
998	9627	9646
999	9634	9634
1000	9642	9623
1001	9650	9612
1002	9657	9599
1003	9664	9587
1004	9673	9576
1005	9679	9564
1006	9687	9552
1007	9695	9541
1008	9703	9530
1009	9713	9520
1010	9724	9512
1011	9732	9501
1012	9739	9489
1013	9748	9479
1014	9756	9467
1015	9764	9456
1016	9770	9444
1017	9778	9433
1018	9786	9421
1019	9794	9410
1020	9803	9400
1021	9811	9388
1022	9820	9378
1023	9827	9367
1024	9833	9354
1025	9843	9344
1026	9849	9332
1027	9856	9319
1028	9864	9308
1029	9872	9296
1030	9880	9286
1031	9888	9275
1032	9895	9263
1033	9902	9251
1034	9910	9239
1035	9918	9229
1036	9925	9217
1037	9933	9206
1038	9941	9195
1039	9948	9183
1040	9954	9170
1041	9962	9159
1042	9971	9149
1043	9979	9137
1044	9986	9126
1045	9992	9113
1046	10000	9103
1047	10008	9091
1048	10015	9080
1049	10025	9070
1050	10033	9059
1051	10041	9048
1052	10048	9036
1053	10055	9025
1054	10063	9013
1055	10069	9001
1056	10076	8990
1057	10086	8980
1058	10094	8969
1059	10100	8957
1060	10108	8946
1061	10117	8936
1062	10125	8925
1063	10133	8914
1064	10141	8903
1065	10149	8892
1066	10160	8884
1067	10170	8875
1068	10174	8860
1069	10181	8849
1070	10189	8838
1071	10197	8827
1072	10206	8817
1073	10213	8806
1074	10221	8795
1075	10230	8784
1076	10237	8773
1077	10245	8762
1078	10252	8751
1079	10258	8738
1080	10264	8726
1081	10274	8717
1082	10282	8706
1083	10290	8696
1084	10302	8688
1085	10311	8678
1086	10318	8666
1087	10325	8654
1088	10333	8644
1089	10342	8634
1090	10349	8623
1091	10369	8622
1092	10402	8632
1093	10414	8624
1094	10425	8616
1095	10441	8612
1096	10448	8601
1097	10456	8590
1098	10464	8579
1099	10472	8568
1100	10480	8557
1101	10488	8547
1102	10496	8536
1103	10504	8525
1104	10513	8515
1105	10520	8504
1106	10527	8492
1107	10536	8482
1108	10543	8471
1109	10550	8459
1110	10559	8449
1111	10567	8439
1112	10575	8428
1113	10583	8417
1114	10590	8405
1115	10599	8395
1116	10607	8385
1117	10615	8374
1118	10623	8364
1119	10634	8355
1120	10643	8346
1121	10652	8335
1122	10661	8326
1123	10669	8315
1124	10676	8303
1125	10683	8292
1126	10691	8281
1127	10699	8270
1128	10706	8259
1129	10714	8249
1130	10721	8237
1131	10729	8227
1132	10737	8216
1133	10746	8206
1134	10755	8197
1135	10763	8186
1136	10774	8178
1137	10782	8167
1138	10790	8156
1139	10799	8146
1140	10807	8136
1141	10815	8126
1142	10823	8115
1143	10830	8104
1144	10838	8093
1145	10845	8082
1146	10852	8070
1147	10859	8059
1148	10868	8049
1149	10875	8038
1150	10883	8028
1151	10891	8017
1152	10899	8006
1153	10908	7997
1154	10916	7986
1155	10924	7976
1156	10932	7965
1157	10939	7954
1158	10948	7944
1159	10957	7934
1160	10966	7924
1161	10974	7914
1162	10981	7903
1163	10989	7892
1164	10995	7881
1165	11003	7870
1166	11010	7858
1167	11019	7849
1168	11027	7838
1169	11034	7827
1170	11045	7819
1171	11053	7809
1172	11064	7800
1173	11073	7791
1174	11082	7781
1175	11091	7771
1176	11100	7761
1177	11109	7752
1178	11118	7742
1179	11128	7733
1180	11138	7724
1181	11145	7713
1182	11158	7706
1183	11168	7696
1184	11177	7687
1185	11185	7676
1186	11194	7667
1187	11203	7657
1188	11212	7647
1189	11220	7637
1190	11227	7626
1191	11234	7615
1192	11243	7605
1193	11251	7595
1194	11259	7585
1195	11268	7574
1196	11278	7565
1197	11288	7556
1198	11296	7546
1199	11306	7537
1200	11314	7527
1201	11323	7517
1202	11333	7508
1203	11341	7498
1204	11351	7489
1205	11361	7480
1206	11372	7471
1207	11385	7464
1208	11394	7454
1209	11403	7445
1210	11411	7435
1211	11419	7424
1212	11429	7415
1213	11438	7405
1214	11446	7395
1215	11454	7385
1216	11461	7374
1217	11468	7363
1218	11477	7353
1219	11485	7343
1220	11493	7332
1221	11501	7322
1222	11509	7312
1223	11517	7301
1224	11524	7291
1225	11532	7280
1226	11539	7269
1227	11545	7258
1228	11552	7247
1229	11561	7237
1230	11568	7226
1231	11574	7215
1232	11581	7204
1233	11588	7193
1234	11595	7182
1235	11606	7174
1236	11614	7164
1237	11621	7153
1238	11630	7143
1239	11639	7133
1240	11646	7123
1241	11655	7113
1242	11663	7103
1243	11671	7092
1244	11680	7083
1245	11688	7072
1246	11696	7062
1247	11701	7050
1248	11710	7041
1249	11718	7031
1250	11726	7020
1251	11733	7009
1252	11740	6999
1253	11748	6989
1254	11754	6977
1255	11761	6967
1256	11768	6956
1257	11776	6945
1258	11786	6936
1259	11794	6927
1260	11803	6917
1261	11812	6907
1262	11820	6897
1263	11827	6887
1264	11835	6876
1265	11842	6866
1266	11849	6855
1267	11856	6844
1268	11865	6835
1269	11873	6824
1270	11883	6815
1271	11890	6805
1272	11899	6795
1273	11906	6784
1274	11915	6775
1275	11923	6765
1276	11930	6754
1277	11941	6746
1278	11949	6736
1279	11958	6726
1280	11965	6716
1281	11974	6706
1282	11981	6695
1283	11990	6686
1284	11996	6675
1285	12004	6665
1286	12012	6654
1287	12018	6643
1288	12027	6634
1289	12034	6623
1290	12040	6612
1291	12047	6602
1292	12053	6590
1293	12061	6580
1294	12069	6570
1295	12078	6560
1296	12087	6551
1297	12096	6542
1298	12103	6531
1299	12110	6521
1300	12118	6510
1301	12125	6500
1302	12133	6490
1303	12142	6480
1304	12149	6470
1305	12157	6460
1306	12167	6451
1307	12175	6441
1308	12183	6431
1309	12192	6421
1310	12200	6412
1311	12209	6402
1312	12217	6392
1313	12225	6382
1314	12233	6372
1315	12242	6363
1316	12250	6353
1317	12257	6342
1318	12266	6332
1319	12273	6322
1320	12282	6313
1321	12291	6303
1322	12298	6293
1323	12307	6283
1324	12316	6274
1325	12325	6264
1326	12332	6254
1327	12340	6244
1328	12349	6235
1329	12356	6224
1330	12364	6214
1331	12371	6204
1332	12380	6195
1333	12389	6185
1334	12399	6176
1335	12409	6167
1336	12418	6157
1337	12426	6148
1338	12435	6138
1339	12441	6127
1340	12446	6116
1341	12455	6107
1342	12466	6098
1343	12475	6089
1344	12481	6078
1345	12488	6067
1346	12494	6057
1347	12502	6047
1348	12510	6037
1349	12519	6027
1350	12528	6018
1351	12535	6008
1352	12542	5997
1353	12551	5988
1354	12558	5978
1355	12565	5967
1356	12573	5957
1357	12581	5947
1358	12592	5939
1359	12598	5928
1360	12604	5918
1361	12613	5908
1362	12619	5897
1363	12626	5887
1364	12634	5877
1365	12643	5867
1366	12651	5858
1367	12660	5849
1368	12669	5839
1369	12679	5830
1370	12688	5821
1371	12696	5811
1372	12705	5802
1373	12713	5792
1374	12721	5782
1375	12728	5772
1376	12739	5763
1377	12747	5754
1378	12755	5744
1379	12764	5734
1380	12772	5724
1381	12778	5714
1382	12785	5704
1383	12794	5694
1384	12804	5685
1385	12812	5676
1386	12820	5665
1387	12827	5655
1388	12846	5650
1389	12853	5640
1390	12862	5631
1391	12869	5621
1392	12879	5612
1393	12886	5601
1394	12894	5592
1395	12902	5582
1396	12912	5573
1397	12920	5563
1398	12930	5554
1399	12937	5544
1400	12945	5534
1401	12955	5525
1402	12965	5516
1403	12972	5506
1404	12981	5497
1405	12989	5487
1406	12998	5478
1407	13006	5468
1408	13013	5458
1409	13020	5448
1410	13026	5437
1411	13034	5428
1412	13042	5418
1413	13050	5408
1414	13058	5398
1415	13068	5389
1416	13075	5379
1417	13082	5369
1418	13090	5359
1419	13098	5350
1420	13105	5340
1421	13115	5331
1422	13124	5321
1423	13132	5312
1424	13139	5302
1425	13150	5293
1426	13159	5284
1427	13167	5274
1428	13175	5264
1429	13183	5254
1430	13191	5245
1431	13199	5235
1432	13208	5226
1433	13216	5216
1434	13224	5206
1435	13234	5197
1436	13242	5188
1437	13250	5178
1438	13259	5169
1439	13268	5160
1440	13276	5150
1441	13286	5141
1442	13295	5132
1443	13303	5122
1444	13312	5113
1445	13319	5103
1446	13327	5093
1447	13336	5084
1448	13344	5074
1449	13352	5064
1450	13359	5054
1451	13365	5044
1452	13373	5034
1453	13382	5025
1454	13392	5016
1455	13399	5006
1456	13406	4996
1457	13415	4987
1458	13425	4978
1459	13434	4968
1460	13442	4959
1461	13449	4949
1462	13457	4939
1463	13465	4929
1464	13472	4920
1465	13480	4910
1466	13490	4901
1467	13500	4892
1468	13508	4882
1469	13516	4873
1470	13524	4863
1471	13532	4854
1472	13540	4844
1473	13549	4835
1474	13559	4826
1475	13569	4817
1476	13576	4807
1477	13584	4797
1478	13596	4789
1479	13603	4779
1480	13610	4769
1481	13618	4760
1482	13628	4751
1483	13634	4740
1484	13641	4730
1485	13649	4721
1486	13657	4711
1487	13668	4703
1488	13674	4692
1489	13682	4683
1490	13689	4673
1491	13697	4663
1492	13703	4653
1493	13711	4643
1494	13721	4634
1495	13727	4624
1496	13734	4615
1497	13743	4605
1498	13750	4595
1499	13759	4586
1500	13768	4577
1501	13775	4567
1502	13783	4557
1503	13794	4549
1504	13803	4540
1505	13810	4530
1506	13819	4520
1507	13829	4512
1508	13837	4502
1509	13845	4492
1510	13852	4483
1511	13861	4473
1512	13868	4463
1513	13879	4455
1514	13886	4445
1515	13893	4435
1516	13896	4424
1517	13904	4415
1518	13912	4405
1519	13921	4396
1520	13929	4386
1521	13937	4377
1522	13944	4367
1523	13953	4358
1524	13960	4348
1525	13967	4338
1526	13974	4328
1527	13982	4319
1528	13988	4309
1529	13997	4299
1530	14005	4290
1531	14012	4280
1532	14021	4271
1533	14030	4262
1534	14038	4252
1535	14046	4243
1536	14054	4233
1537	14063	4224
1538	14072	4215
1539	14080	4205
1540	14088	4196
1541	14096	4186
1542	14103	4177
1543	14111	4167
1544	14120	4158
1545	14129	4149
1546	14137	4139
1547	14144	4129
1548	14149	4119
1549	14156	4110
1550	14163	4100
1551	14170	4090
1552	14180	4081
1553	14187	4071
1554	14195	4062
1555	14204	4053
1556	14213	4044
1557	14222	4034
1558	14231	4025
1559	14238	4016
1560	14247	4006
1561	14256	3997
1562	14264	3988
1563	14271	3978
1564	14281	3969
1565	14292	3960
1566	14300	3951
1567	14309	3942
1568	14318	3933
1569	14324	3923
1570	14332	3913
1571	14343	3905
1572	14351	3895
1573	14361	3886
1574	14369	3877
1575	14376	3867
1576	14383	3858
1577	14394	3849
1578	14404	3840
1579	14413	3831
1580	14422	3822
1581	14431	3813
1582	14439	3803
1583	14447	3794
1584	14453	3784
1585	14460	3774
1586	14467	3765
1587	14475	3755
1588	14484	3746
1589	14494	3737
1590	14504	3728
1591	14512	3719
1592	14520	3709
1593	14528	3700
1594	14535	3690
1595	14544	3681
1596	14552	3672
1597	14558	3662
1598	14567	3653
1599	14573	3643
1600	14582	3634
1601	14592	3625
1602	14599	3615
1603	14607	3606
1604	14617	3597
1605	14625	3588
1606	14633	3578
1607	14640	3569
1608	14650	3560
1609	14657	3550
1610	14664	3541
1611	14672	3531
1612	14681	3522
1613	14690	3513
1614	14698	3503
1615	14705	3494
1616	14712	3484
1617	14720	3475
1618	14728	3465
1619	14735	3456
1620	14743	3447
1621	14752	3437
1622	14760	3428
1623	14768	3419
1624	14776	3409
1625	14786	3401
1626	14793	3391
1627	14801	3382
1628	14808	3372
1629	14815	3363
1630	14824	3354
1631	14831	3344
1632	14835	3334
1633	14843	3324
1634	14850	3315
1635	14858	3305
1636	14865	3296
1637	14873	3287
1638	14879	3277
1639	14887	3268
1640	14894	3258
1641	14900	3248
1642	14909	3239
1643	14916	3230
1644	14923	3220
1645	14932	3211
1646	14940	3202
1647	14949	3193
1648	14956	3183
1649	14965	3174
1650	14972	3165
1651	14981	3155
1652	14987	3146
1653	14995	3136
1654	15001	3127
1655	15010	3118
1656	15018	3108
1657	15026	3099
1658	15034	3090
1659	15041	3080
1660	15048	3071
1661	15058	3062
1662	15067	3053
1663	15074	3043
1664	15084	3035
1665	15093	3026
1666	15101	3016
1667	15109	3007
1668	15118	2998
1669	15126	2989
1670	15134	2979
1671	15143	2970
1672	15152	2961
1673	15161	2952
1674	15170	2943
1675	15177	2934
1676	15185	2924
1677	15193	2915
1678	15201	2906
1679	15209	2896
1680	15217	2887
1681	15225	2878
1682	15233	2869
1683	15243	2860
1684	15250	2850
1685	15259	2841
1686	15266	2832
1687	15274	2823
1688	15283	2814
1689	15291	2804
1690	15299	2795
1691	15306	2786
1692	15313	2776
1693	15321	2767
1694	15330	2758
1695	15338	2749
1696	15347	2740
1697	15354	2730
1698	15362	2721
1699	15371	2712
1700	15382	2703
1701	15393	2695
1702	15403	2686
1703	15414	2677
1704	15422	2668
1705	15430	2659
1706	15440	2650
1707	15448	2641
1708	15455	2631
1709	15464	2622
1710	15471	2613
1711	15480	2604
1712	15488	2594
1713	15498	2586
1714	15505	2576
1715	15512	2567
1716	15520	2558
1717	15527	2548
1718	15538	2540
1719	15547	2530
1720	15556	2521
1721	15561	2512
1722	15569	2503
1723	15577	2493
1724	15588	2485
1725	15596	2475
1726	15605	2466
1727	15613	2457
1728	15620	2448
1729	15629	2439
1730	15636	2429
1731	15645	2420
1732	15658	2412
1733	15664	2403
1734	15677	2394
1735	15685	2385
1736	15693	2376
1737	15706	2367
1738	15717	2358
1739	15725	2349
1740	15733	2340
1741	15740	2331
1742	15750	2322
1743	15757	2313
1744	15765	2303
1745	15772	2294
1746	15778	2285
1747	15786	2275
1748	15795	2266
1749	15802	2257
1750	15810	2248
1751	15817	2239
1752	15826	2229
1753	15833	2220
1754	15841	2211
1755	15847	2202
1756	15855	2192
1757	15864	2183
1758	15873	2174
1759	15882	2165
1760	15891	2156
1761	15902	2147
1762	15910	2138
1763	15917	2129
1764	15924	2120
1765	15932	2111
1766	15939	2101
1767	15946	2092
1768	15954	2083
1769	15964	2074
1770	15975	2065
1771	15983	2056
1772	15991	2047
1773	15999	2038
1774	16007	2029
1775	16014	2019
1776	16022	2010
1777	16029	2001
1778	16038	1992
1779	16045	1983
1780	16053	1974
1781	16061	1964
1782	16069	1955
1783	16078	1946
1784	16087	1937
1785	16097	1928
1786	16105	1919
1787	16114	1910
1788	16122	1901
1789	16130	1892
1790	16138	1883
1791	16148	1874
1792	16155	1865
1793	16163	1855
1794	16171	1846
1795	16181	1837
1796	16188	1828
1797	16196	1819
1798	16203	1810
1799	16215	1801
1800	16223	1792
1801	16233	1783
1802	16241	1774
1803	16250	1765
1804	16259	1756
1805	16268	1747
1806	16274	1738
1807	16283	1729
1808	16294	1720
1809	16302	1711
1810	16308	1702
1811	16319	1693
1812	16327	1684
1813	16334	1674
1814	16342	1665
1815	16353	1656
1816	16362	1647
1817	16371	1638
1818	16379	1629
1819	16387	1620
1820	16396	1611
1821	16404	1602
1822	16411	1593
1823	16419	1584
1824	16427	1575
1825	16434	1566
1826	16441	1556
1827	16447	1547
1828	16457	1538
1829	16465	1529
1830	16473	1520
1831	16480	1511
1832	16487	1502
1833	16494	1493
1834	16501	1483
1835	16510	1474
1836	16517	1465
1837	16525	1456
1838	16532	1447
1839	16541	1438
1840	16550	1429
1841	16559	1420
1842	16566	1411
1843	16574	1402
1844	16581	1393
1845	16589	1383
1846	16596	1374
1847	16605	1365
1848	16612	1356
1849	16621	1347
1850	16628	1338
1851	16635	1329
1852	16642	1320
1853	16649	1311
1854	16656	1301
1855	16662	1292
1856	16671	1283
1857	16680	1274
1858	16688	1265
1859	16695	1256
1860	16703	1247
1861	16712	1238
1862	16719	1229
1863	16729	1220
1864	16737	1211
1865	16745	1202
1866	16774	1194
1867	16795	1186
1868	16813	1178
1869	16821	1169
1870	16829	1160
1871	16843	1151
1872	16850	1142
1873	16859	1133
1874	16867	1124
1875	16876	1115
1876	16885	1106
1877	16894	1097
1878	16903	1088
1879	16911	1079
1880	16919	1070
1881	16927	1061
1882	16936	1052
1883	16945	1043
1884	16952	1034
1885	16956	1024
1886	16964	1015
1887	16971	1006
1888	16978	997
1889	16987	988
1890	16994	979
1891	17004	970
1892	17013	961
1893	17020	952
1894	17029	943
1895	17036	934
1896	17043	925
1897	17050	916
1898	17057	907
1899	17065	898
1900	17072	889
1901	17082	880
1902	17091	871
1903	17100	862
1904	17110	853
1905	17117	844
1906	17125	835
1907	17133	826
1908	17142	817
1909	17148	808
1910	17155	798
1911	17163	789
1912	17173	781
1913	17179	771
1914	17186	762
1915	17193	753
1916	17199	744
1917	17209	735
1918	17216	726
1919	17224	717
1920	17232	708
1921	17240	699
1922	17247	690
1923	17254	681
1924	17260	672
1925	17267	663
1926	17274	654
1927	17281	645
1928	17290	636
1929	17297	627
1930	17303	618
1931	17311	609
1932	17318	600
1933	17327	591
1934	17334	582
1935	17342	573
1936	17350	564
1937	17357	555
1938	17365	546
1939	17372	537
1940	17377	528
1941	17389	519
1942	17397	510
1943	17405	501
1944	17414	492
1945	17421	483
1946	17431	474
1947	17440	465
1948	17448	456
1949	17455	447
1950	17463	438
1951	17470	429
1952	17478	420
1953	17485	411
1954	17491	402
1955	17498	393
1956	17504	384
1957	17509	375
1958	17515	366
1959	17521	357
1960	17526	348
1961	17533	339
1962	17541	330
1963	17547	321
1964	17557	312
1965	17563	303
1966	17569	294
1967	17574	285
1968	17579	276
1969	17584	267
1970	17589	258
1971	17594	249
1972	17601	240
1973	17608	231
1974	17615	222
1975	17622	214
1976	17628	205
1977	17635	196
1978	17642	187
1979	17648	178
1980	17653	169
1981	17659	160
1982	17665	151
1983	17671	142
1984	17678	133
1985	17683	124
1986	17689	115
1987	17693	106
1988	17699	97
1989	17704	88
1990	17710	80
1991	17715	71
1992	17721	62
1993	17727	53
1994	17732	44
1995	17737	35
1996	17742	26
1997	17747	17
1998	17753	8
1999	17758	0
